USE school;

DROP TABLE teacher;
DROP TABLE class_room;
DROP TABLE class;
DROP TABLE student;

-- 학생 (학번, 이름, 주소, 휴대전화번호)
-- 학번 문자열(5) NOT NULL UNIQUE
-- 이름 문자열(15) NOT NULL
-- 주소 장문문자열 NOT NULL
-- 휴대전화번호 문자열(13) UNIQUE

-- 교사 (교번, 이름, 주소, 휴대전화번호, 직급)
-- 교번 문자열(10) NOT NULL UNIQUE
-- 이름 문자열(15) NOT NULL
-- 주소 장문문자열 NOT NULL
-- 휴대전화번호 문자열(13) UNIQUE
-- 직급 문자열(50) NOT NULL

-- 교실 (교실번호, 층, 좌석)
-- 교실번호 정수 NOT NULL UNIQUE
-- 층 정수 NOT NULL CHECK (1층 ~ 5층)
-- 좌석 정수 NOT NULL CHECK(0 이상)

-- 수업 (수업코드, 수업이름)
-- 수업코드 문자열(3) NOT NULL UNIQUE
-- 수업이름 문자열(50) NOT NULL
-- 교실 정수 NOT NULL FOREIGN KEY (교실 - 교실번호)
-- 담당교사 문자열(10) NOT NULL FOREIGN KEY (교사 - 교번)

-- 수강 (학번, 수업코드) 
-- 학번 문자열(5) NOT NULL FOREIGN KEY (학생 - 학번)
-- 수업코드 문자열(3) NOT NULL FOREIGN KEY (수업 - 수업코드)
-- 성적 INT

-- 하나의 수업은 하나의 교실에서 이루어지고 한명의 교사에 의해서 강의되어지며 여러명의 학생이 수업을 들울 수 있음
-- 단, 수업은 반드시 교실 및 교사가 존재해야함
-- 교실은 여러 수업을 진행할 수 있고 교사는 여러 수업을 강의할 수 있음
-- 학생은 여러 수업을 수강할 수 있음

-- 교실 1 : n 수업
-- 교사 1 : n 수업
-- 학생 n : m 수업

-- 1. 학생 테이블 생성
CREATE TABLE student (
    student_number VARCHAR(5) NOT NULL UNIQUE,
    name VARCHAR(15) NOT NULL,
    address TEXT NOT NULL,
    tel_number VARCHAR(13) UNIQUE,

    CONSTRAINT student_pk PRIMARY KEY (student_number)
);

-- 2. 교사 테이블 생성
CREATE TABLE teacher (
    teacher_number VARCHAR(10) NOT NULL UNIQUE,
    name VARCHAR(15) NOT NULL,
    address TEXT NOT NULL,
    tel_number VARCHAR(13) NOT NULL UNIQUE,
    position VARCHAR(50) NOT NULL DEFAULT '일반교사',

    CONSTRAINT teacher_pk PRIMARY KEY (teacher_number)
);

-- 3. 교실 테이블 생성
CREATE TABLE class_room (
    class_room_number INT NOT NULL AUTO_INCREMENT,
    floor INT NOT NULL CHECK(floor BETWEEN 1 AND 5),
    seats INT NOT NULL CHECK(seats >= 0),

    CONSTRAINT class_room_pk PRIMARY KEY (class_room_number)
);

-- 4. 수업 테이블 생성
CREATE TABLE class (
    class_code VARCHAR(3) NOT NULL UNIQUE,
    name VARCHAR(50) NOT NULL,
    class_room INT NOT NULL,
    charge_teacher VARCHAR(10) NOT NULL,

    CONSTRAINT class_pk PRIMARY KEY (class_code),
    CONSTRAINT class_class_room_fk
    FOREIGN KEY (class_room) REFERENCES class_room (class_room_number),
    CONSTRAINT class_teacher_fk
    FOREIGN KEY (charge_teacher) REFERENCES teacher (teacher_number)
);

-- 5. 수강 관계 테이블 생성
CREATE TABLE class_regist (
    student_number VARCHAR(5) NOT NULL,
    class_code VARCHAR(3) NOT NULL,
    score INT,

    CONSTRAINT class_regist_pk PRIMARY KEY (student_number, class_code),
    CONSTRAINT class_regist_student_fk
    FOREIGN KEY (student_number) REFERENCES student (student_number),
    CONSTRAINT class_regist_class_fk
    FOREIGN KEY (class_code) REFERENCES class (class_code)
);

-- 기본 레코드 삽입
INSERT INTO student VALUES ('25001', '홍길동', '부산광역시 부산진구', null);
INSERT INTO student VALUES ('25002', '김철수', '부산광역시 동구', '010-1111-1111');
INSERT INTO student VALUES ('25003', '이영희', '부산광역시 부산진구', '010-1111-2222');
INSERT INTO student VALUES ('25004', '홍길순', '부산광역시 수영구', null);
INSERT INTO student VALUES ('25005', '박보검', '부산광역시 동구', '010-1111-3333');
INSERT INTO student VALUES ('25006', '권지용', '부산광역시 동구', '010-1111-4444');
INSERT INTO student VALUES ('25007', '김태희', '부산광역시 부산진구', '010-1111-5555');
INSERT INTO student VALUES ('25008', '배수지', '부산광역시 중구', null);
INSERT INTO student VALUES ('25009', '남주혁', '부산광역시 부산진구', '010-1111-6666');
INSERT INTO student VALUES ('25010', '한가인', '부산광역시 수영구', '010-1111-7777');

SELECT * FROM student;

INSERT INTO teacher VALUES ('2000010101', '이성계', '부산광역시 강서구', '010-2222-1111', '교장');
INSERT INTO teacher VALUES ('2000010102', '이방과', '부산광역시 북구', '010-2222-2222', '교감');
INSERT INTO teacher VALUES ('2010010101', '이방원', '대구광역시 달성구', '010-2222-3333', '일반교사');
INSERT INTO teacher VALUES ('2010010102', '이도', '부산광역시 부산진구', '010-2222-4444', '일반교사');
INSERT INTO teacher VALUES ('2010010103', '이향', '부산광역시 강서구', '010-2222-5555', '교생');

SELECT * FROM teacher;

INSERT INTO class_room (floor, seats) VALUES (1, 20);
INSERT INTO class_room (floor, seats) VALUES (1, 20);
INSERT INTO class_room (floor, seats) VALUES (2, 30);
INSERT INTO class_room (floor, seats) VALUES (3, 30);

SELECT * FROM class_room;

INSERT INTO class VALUES ('KR1', '국어', 3, '2010010101');
INSERT INTO class VALUES ('KR2', '국어', 1, '2010010103');
INSERT INTO class VALUES ('MT1', '수학', 2, '2010010102');
INSERT INTO class VALUES ('MT2', '수학', 1, '2010010103');
INSERT INTO class VALUES ('EN1', '영어', 2, '2010010101');
INSERT INTO class VALUES ('EN2', '영어', 3, '2010010102');

SELECT * FROM class;

INSERT INTO class_regist VALUES (25001, 'KR1', 100);
INSERT INTO class_regist VALUES (25001, 'MT2', 50);
INSERT INTO class_regist VALUES (25001, 'EN1', 70);
INSERT INTO class_regist VALUES (25002, 'KR2', 80);
INSERT INTO class_regist VALUES (25002, 'MT1', 100);
INSERT INTO class_regist VALUES (25002, 'EN2', 100);
INSERT INTO class_regist VALUES (25003, 'KR2', 40);
INSERT INTO class_regist VALUES (25003, 'MT2', 80);
INSERT INTO class_regist VALUES (25003, 'EN2', 65);
INSERT INTO class_regist VALUES (25004, 'KR1', 70);
INSERT INTO class_regist VALUES (25004, 'MT1', 80);
INSERT INTO class_regist VALUES (25004, 'EN1', 40);
INSERT INTO class_regist VALUES (25005, 'KR1', 100);
INSERT INTO class_regist VALUES (25005, 'MT1', 80);
INSERT INTO class_regist VALUES (25005, 'EN2', 60);
INSERT INTO class_regist VALUES (25006, 'KR2', 60);
INSERT INTO class_regist VALUES (25006, 'MT1', 80);
INSERT INTO class_regist VALUES (25006, 'EN1', 100);
INSERT INTO class_regist VALUES (25007, 'KR2', 75);
INSERT INTO class_regist VALUES (25007, 'MT2', 95);
INSERT INTO class_regist VALUES (25007, 'EN1', 75);
INSERT INTO class_regist VALUES (25008, 'KR1', 95);
INSERT INTO class_regist VALUES (25008, 'MT2', 75);
INSERT INTO class_regist VALUES (25008, 'EN2', 95);
INSERT INTO class_regist VALUES (25009, 'KR1', 100);
INSERT INTO class_regist VALUES (25009, 'MT1', 100);
INSERT INTO class_regist VALUES (25009, 'EN1', 100);
INSERT INTO class_regist VALUES (25010, 'KR2', 70);
INSERT INTO class_regist VALUES (25010, 'MT2', 70);
INSERT INTO class_regist VALUES (25010, 'EN2', 80);

SELECT * FROM class_regist;

-- 1. 수업의 수업코드, 수업이름, 담당교사 이름, 담당교사 직급을 조회하는 쿼리문을 작성하시오
SELECT
	C.class_code '수업코드',
    C.name '수업이름',
    T.name '담당교사 이름',
    T.position '담당교사 직급'
FROM class C JOIN teacher T
ON C.charge_teacher = T.teacher_number;

-- 2. MT1 수업을 수강하는 학생의 이름, 주소, 전화번호, 점수를 조회하는 쿼리문을 작성하시오
SELECT 
	S.name '이름',
    S.address '주소',
    S.tel_number '전화번호',
    CR.score
FROM student S JOIN class_regist CR
ON S.student_number = CR.student_number
WHERE CR.class_code = 'MT1';

-- 3. 부산진구에 거주하고 있는 교사가 강의중인 수업의 수업코드와 수업이름을 조회하는 쿼리를 작성하시오
SELECT 
	class_code '수업코드',
    name '수업이름'
FROM class
WHERE charge_teacher IN (
	SELECT teacher_number
    FROM teacher
	WHERE address LIKE '%부산진구%'
);

-- 4. 수업 코드별 점수의 평균, 최대, 최소값을 구하는 쿼리문을 작성하시오
SELECT 
	class_code '수업코드',
	AVG(score) '평균',
	MAX(score) '최대',
    MIN(score) '최소'
FROM class_regist
GROUP BY class_code;

-- 5. 수업의 평균점수가 80점 이상인 수업의 수업 이름과 담당교사의 이름을 조회하는 쿼리문을 작성하시오
SELECT 
	C.name '수업이름',
	T.name '교사이름'
FROM class C LEFT JOIN teacher T 
ON C.charge_teacher = T.teacher_number
WHERE C.class_code IN(

SELECT class_code
FROM
	(SELECT 
	class_code,
	AVG(score) 'avg'
	FROM class_regist
	GROUP BY class_code 
	HAVING avg >= 80) SUB
);
-- 6. 수업의 수업코드, 수업이름, 담당교사 이름, 담당교사 직급, 최저 점수, 최대 점수를 조회하는 쿼리문을 작성하시오
SELECT 
	C.class_code '수업 코드',
	C.name '수업 이름',
    T.name '담당교사 이름',
    T.position '담당교사 직급',
    SUB.min '최저 점수',
	SUB.max '최대 점수'
FROM class C LEFT JOIN teacher T
ON C.charge_teacher = T.teacher_number
LEFT JOIN (
	SELECT 
		class_code,
		MIN(score) 'min',
		MAX(score) 'max'
	FROM class_regist
	GROUP BY class_code
) SUB
ON C.class_code = SUB.class_code;

-- 7. 평균 점수(수학 + 국어 + 영어)가 80 점 이상인 학생이 수강중인 교실의 층 및 좌석수를 구하는 쿼리를 작성하시오
SELECT
	floor '층',
    seats '좌석수'
FROM class_room
WHERE class_room_number IN(
	SELECT DISTINCT class_room
	FROM class
	WHERE class_code IN (
		SELECT DISTINCT class_code
		FROM class_regist
		WHERE student_number IN(
			SELECT student_number
			FROM (
				SELECT 
					student_number,
					AVG(score) 'avg'
				FROM class_regist
				GROUP BY student_number
				HAVING avg >= 90
				) SUB
			)
		)
	);    
SELECT 
	floor,
    seats
FROM class_room;




